https://www.cnn.com,SecGpc,.cnn.com
https://www.cnn.com,countryCode,.cnn.com
https://www.cnn.com,stateCode,.cnn.com
https://www.cnn.com,geoData,.cnn.com
https://www.cnn.com,FastAB,.cnn.com
https://www.cnn.com,wbdFch,.www.cnn.com
https://github.com,_gh_sess,github.com
https://github.com,_octo,.github.com
https://github.com,logged_in,.github.com
https://github.com,_gh_sess,github.com
https://github.com,_octo,.github.com
https://github.com,logged_in,.github.com
https://www.bankofamerica.com,FPID,.bankofamerica.com
https://www.bankofamerica.com,FPID_CLIENT,.bankofamerica.com
https://www.bankofamerica.com,WPID,.bankofamerica.com
https://www.bankofamerica.com,akacd_BAC_eComm_www_Splash_PROD,www.bankofamerica.com
2026-06-16T14:14:52,https://target.com,refreshToken,.target.com
2026-06-16T14:14:52,https://target.com,idToken,.target.com
2026-06-16T14:14:52,https://target.com,visitorId,.target.com
2026-06-16T14:14:52,https://target.com,onboardingGuest,.target.com
2026-06-16T14:14:52,https://target.com,fiatsCookie,.target.com
2026-06-16T14:14:52,https://target.com,sddStore,.target.com
2026-06-16T14:14:52,https://target.com,TealeafAkaSid,.target.com
2026-06-16T14:14:52,https://target.com,sapphire,.target.com
2026-06-16T14:14:52,https://target.com,adScriptData,.target.com
2026-06-16T14:14:52,https://target.com,accessToken,.target.com
2026-06-16T14:14:52,https://target.com,egsSessionId,.target.com
2026-06-16T14:14:52,https://target.com,cdnModCanaryRouter,www.target.com
2026-06-16T14:14:52,https://target.com,GuestLocation,www.target.com
2026-06-17T15:55:50,https://www.target.com/,adScriptData,.target.com
2026-06-17T15:55:50,https://www.target.com/,TealeafAkaSid,.target.com
2026-06-17T15:55:50,https://www.target.com/,idToken,.target.com
2026-06-17T15:55:50,https://www.target.com/,sapphire,.target.com
2026-06-17T15:55:50,https://www.target.com/,onboardingGuest,.target.com
2026-06-17T15:55:50,https://www.target.com/,fiatsCookie,.target.com
2026-06-17T15:55:50,https://www.target.com/,sddStore,.target.com
2026-06-17T15:55:50,https://www.target.com/,visitorId,.target.com
2026-06-17T15:55:50,https://www.target.com/,refreshToken,.target.com
2026-06-17T15:55:50,https://www.target.com/,accessToken,.target.com
2026-06-17T15:55:50,https://www.target.com/,egsSessionId,.target.com
2026-06-17T15:55:50,https://www.target.com/,GuestLocation,www.target.com
2026-06-17T15:55:50,https://www.target.com/,_pxhd,www.target.com
2026-06-17T16:12:47,https://www.cnn.com/,SecGpc,.cnn.com
2026-06-17T16:12:47,https://www.cnn.com/,countryCode,.cnn.com
2026-06-17T16:12:47,https://www.cnn.com/,stateCode,.cnn.com
2026-06-17T16:12:47,https://www.cnn.com/,geoData,.cnn.com
2026-06-17T16:12:47,https://www.cnn.com/,FastAB,.cnn.com
2026-06-17T16:12:47,https://www.cnn.com/,wbdFch,.www.cnn.com
2026-06-17T16:16:18,https://www.cnn.com/,SecGpc,.cnn.com
2026-06-17T16:16:18,https://www.cnn.com/,countryCode,.cnn.com
2026-06-17T16:16:18,https://www.cnn.com/,stateCode,.cnn.com
2026-06-17T16:16:18,https://www.cnn.com/,geoData,.cnn.com
2026-06-17T16:16:18,https://www.cnn.com/,FastAB,.cnn.com
2026-06-17T16:16:18,https://www.cnn.com/,wbdFch,.www.cnn.com
2026-06-17T16:16:49,https://www.cnn.com/,SecGpc,.cnn.com
2026-06-17T16:16:49,https://www.cnn.com/,countryCode,.cnn.com
2026-06-17T16:16:49,https://www.cnn.com/,stateCode,.cnn.com
2026-06-17T16:16:49,https://www.cnn.com/,geoData,.cnn.com
2026-06-17T16:16:49,https://www.cnn.com/,FastAB,.cnn.com
2026-06-17T16:16:49,https://www.cnn.com/,wbdFch,.www.cnn.com
2026-06-17T16:31:32,https://www.cnn.com/,SecGpc,.cnn.com
2026-06-17T16:31:32,https://www.cnn.com/,countryCode,.cnn.com
2026-06-17T16:31:32,https://www.cnn.com/,stateCode,.cnn.com
2026-06-17T16:31:32,https://www.cnn.com/,geoData,.cnn.com
2026-06-17T16:31:32,https://www.cnn.com/,FastAB,.cnn.com
2026-06-17T16:31:32,https://www.cnn.com/,wbdFch,.www.cnn.com
2026-06-17T16:32:59,https://cnn.com,SecGpc,.cnn.com
2026-06-17T16:32:59,https://cnn.com,countryCode,.cnn.com
2026-06-17T16:32:59,https://cnn.com,stateCode,.cnn.com
2026-06-17T16:32:59,https://cnn.com,geoData,.cnn.com
2026-06-17T16:32:59,https://cnn.com,FastAB,.cnn.com
2026-06-17T16:32:59,https://cnn.com,wbdFch,.www.cnn.com
2026-06-17T21:36:00,https://www.cnn.com/?refresh=1,SecGpc,.cnn.com
2026-06-17T21:36:00,https://www.cnn.com/?refresh=1,countryCode,.cnn.com
2026-06-17T21:36:00,https://www.cnn.com/?refresh=1,stateCode,.cnn.com
2026-06-17T21:36:00,https://www.cnn.com/?refresh=1,geoData,.cnn.com
2026-06-17T21:36:00,https://www.cnn.com/?refresh=1,FastAB,.cnn.com
2026-06-17T21:36:00,https://www.cnn.com/?refresh=1,wbdFch,.www.cnn.com
2026-06-17T21:36:34,https://target.com,accessToken,.target.com
2026-06-17T21:36:34,https://target.com,idToken,.target.com
2026-06-17T21:36:34,https://target.com,adScriptData,.target.com
2026-06-17T21:36:34,https://target.com,visitorId,.target.com
2026-06-17T21:36:34,https://target.com,onboardingGuest,.target.com
2026-06-17T21:36:34,https://target.com,fiatsCookie,.target.com
2026-06-17T21:36:34,https://target.com,sddStore,.target.com
2026-06-17T21:36:34,https://target.com,TealeafAkaSid,.target.com
2026-06-17T21:36:34,https://target.com,sapphire,.target.com
2026-06-17T21:36:34,https://target.com,refreshToken,.target.com
2026-06-17T21:36:34,https://target.com,egsSessionId,.target.com
2026-06-17T21:36:34,https://target.com,GuestLocation,www.target.com
2026-06-17T21:36:34,https://target.com,_pxhd,www.target.com
2026-06-19T23:52:04,https://www.youtube.com/,__Secure-YNID,.youtube.com
2026-06-19T23:52:04,https://www.youtube.com/,GPS,.youtube.com
2026-06-19T23:52:04,https://www.youtube.com/,YSC,.youtube.com
2026-06-19T23:52:04,https://www.youtube.com/,VISITOR_INFO1_LIVE,.youtube.com
2026-06-19T23:52:04,https://www.youtube.com/,VISITOR_PRIVACY_METADATA,.youtube.com
2026-06-19T23:52:04,https://www.youtube.com/,__Secure-ROLLOUT_TOKEN,.youtube.com
2026-06-24T11:36:43,https://www.coursera.org/programs/ttu-career-academy-students-oyanc/professional-certificates/google-cybersecurity?authProvider=ttu&source=search,CSRF3-Token,.coursera.org
2026-06-24T11:36:43,https://www.coursera.org/programs/ttu-career-academy-students-oyanc/professional-certificates/google-cybersecurity?authProvider=ttu&source=search,__204u,.coursera.org
2026-06-24T12:48:08,https://www.coursera.org/programs/ttu-career-academy-students-oyanc/professional-certificates/google-cybersecurity?authProvider=ttu&source=search,CSRF3-Token,.coursera.org
2026-06-24T12:48:08,https://www.coursera.org/programs/ttu-career-academy-students-oyanc/professional-certificates/google-cybersecurity?authProvider=ttu&source=search,__204u,.coursera.org
2026-06-24T13:39:35,https://www.coursera.org/programs/ttu-career-academy-students-oyanc/browse?authProvider=ttu&query=google+cybersecurity+professional+certificate,CSRF3-Token,.coursera.org
2026-06-24T13:39:35,https://www.coursera.org/programs/ttu-career-academy-students-oyanc/browse?authProvider=ttu&query=google+cybersecurity+professional+certificate,__204u,.coursera.org
2026-06-24T13:40:16,https://www.instagram.com/?hl=en,csrftoken,.instagram.com
2026-06-24T13:40:16,https://www.instagram.com/?hl=en,mid,.instagram.com
2026-06-25T16:58:29,https://www.target.com/,adScriptData,.target.com
2026-06-25T16:58:29,https://www.target.com/,TealeafAkaSid,.target.com
2026-06-25T16:58:29,https://www.target.com/,idToken,.target.com
2026-06-25T16:58:29,https://www.target.com/,sapphire,.target.com
2026-06-25T16:58:29,https://www.target.com/,onboardingGuest,.target.com
2026-06-25T16:58:29,https://www.target.com/,fiatsCookie,.target.com
2026-06-25T16:58:29,https://www.target.com/,sddStore,.target.com
2026-06-25T16:58:29,https://www.target.com/,visitorId,.target.com
2026-06-25T16:58:29,https://www.target.com/,refreshToken,.target.com
2026-06-25T16:58:29,https://www.target.com/,accessToken,.target.com
2026-06-25T16:58:29,https://www.target.com/,egsSessionId,.target.com
2026-06-25T16:58:29,https://www.target.com/,GuestLocation,www.target.com
2026-06-25T16:58:29,https://www.target.com/,_pxhd,www.target.com
2026-06-25T23:13:23,https://www.instagram.com/,csrftoken,.instagram.com,first-party,
2026-06-25T23:13:23,https://www.instagram.com/,mid,.instagram.com,first-party,
2026-06-25T23:25:25,https://www.instagram.com/,csrftoken,.instagram.com
2026-06-25T23:25:25,https://www.instagram.com/,mid,.instagram.com
2026-06-25T23:32:20,https://app.joinhandshake.com/job-search/11145756?per_page=25&sort=relevance&locationFilter=%7B%22id%22%3A%22place.79161580%22%2C%22label%22%3A%22Dallas%2C+Texas%2C+United+States%22%2C%22type%22%3A%22place%22%2C%22point%22%3A%2232.781339%2C-96.799759%22%2C%22text%22%3A%22Dallas%22%2C%22distance%22%3A%2250mi%22%7D&page=1&jobType=3,__cf_bm,.joinhandshake.com
